<?xml version="1.0" encoding="UTF-8"?>
<project-private xmlns="http://www.netbeans.org/ns/project-private/1">
    <editor-bookmarks xmlns="http://www.netbeans.org/ns/editor-bookmarks/2" lastBookmarkId="0"/>
    <open-files xmlns="http://www.netbeans.org/ns/projectui-open-files/2">
        <group>
            <file>file:/D:/Downloads/JavaApplication12/src/Login/NhanKhauView.java</file>
            <file>file:/D:/Downloads/JavaApplication12/src/Login/LoginForm.java</file>
            <file>file:/D:/Downloads/JavaApplication12/src/Login/TrangChuView.java</file>
            <file>file:/D:/Downloads/JavaApplication12/src/Login/AddNhanKhauView.java</file>
        </group>
    </open-files>
</project-private>
